id,tweet
1,recontextualize cross-media paradigms
2,brand dynamic metrics
3,unleash 24/7 bandwidth
4,evolve visionary methodologies
5,morph B2B e-services
6,visualize e-business vortals
7,engage back-end metrics
8,evolve e-business e-markets
9,deploy leading-edge relationships
10,visualize extensible action-items
11,disintermediate interactive e-business
12,innovate user-centric niches
13,transform user-centric infrastructures
14,scale visionary e-services
15,morph world-class methodologies
16,strategize dot-com applications
17,innovate sticky systems
18,incubate mission-critical niches
19,innovate one-to-one web-readiness
20,benchmark sticky technologies
21,deploy dot-com methodologies
22,syndicate seamless interfaces
23,repurpose global e-business
24,disintermediate vertical models
25,facilitate intuitive mindshare
26,synergize impactful deliverables
27,embrace cutting-edge web services
28,expedite bricks-and-clicks systems
29,cultivate sexy experiences
30,incubate synergistic users
31,incubate collaborative supply-chains
32,integrate compelling e-tailers
33,orchestrate back-end relationships
34,integrate dynamic mindshare
35,mesh compelling e-business
36,engineer B2C convergence
37,aggregate scalable channels
38,target global portals
39,monetize B2B paradigms
40,evolve strategic initiatives
41,incubate ubiquitous e-markets
42,mesh efficient e-markets
43,e-enable open-source systems
44,mesh value-added portals
45,aggregate customized schemas
46,repurpose rich architectures
47,drive user-centric mindshare
48,maximize real-time communities
49,engage value-added e-markets
50,brand open-source web-readiness
51,optimize front-end channels
52,mesh extensible niches
53,reintermediate customized eyeballs
54,empower intuitive e-business
55,visualize killer applications
56,synthesize mission-critical e-tailers
57,architect seamless convergence
58,engage clicks-and-mortar action-items
59,aggregate extensible infrastructures
60,strategize leading-edge communities
61,aggregate open-source methodologies
62,whiteboard frictionless experiences
63,maximize open-source architectures
64,enable B2C interfaces
65,target value-added platforms
66,reinvent collaborative technologies
67,reintermediate turn-key functionalities
68,utilize web-enabled bandwidth
69,synergize frictionless convergence
70,exploit wireless partnerships
71,generate bricks-and-clicks vortals
72,revolutionize granular vortals
73,enable e-business schemas
74,drive virtual portals
75,revolutionize bleeding-edge ROI
76,productize enterprise supply-chains
77,visualize strategic infomediaries
78,optimize collaborative interfaces
79,synthesize efficient web-readiness
80,drive best-of-breed technologies
81,strategize seamless methodologies
82,utilize cross-media portals
83,whiteboard real-time supply-chains
84,aggregate innovative communities
85,mesh compelling infomediaries
86,harness open-source partnerships
87,implement back-end channels
88,exploit wireless infrastructures
89,transition wireless web services
90,unleash collaborative channels
91,seize real-time methodologies
92,reinvent wireless functionalities
93,brand scalable infomediaries
94,architect bricks-and-clicks interfaces
95,e-enable distributed infrastructures
96,orchestrate plug-and-play web services
97,matrix end-to-end relationships
98,maximize cutting-edge models
99,strategize global e-business
100,iterate seamless e-tailers
101,e-enable innovative e-markets
102,implement impactful markets
103,streamline cutting-edge users
104,synergize integrated vortals
105,target open-source niches
106,leverage dot-com partnerships
107,implement enterprise convergence
108,syndicate cross-media users
109,transform extensible schemas
110,recontextualize leading-edge applications
111,grow rich eyeballs
112,scale strategic action-items
113,productize e-business schemas
114,exploit clicks-and-mortar functionalities
115,implement back-end web services
116,enable front-end schemas
117,empower global technologies
118,enable next-generation infrastructures
119,whiteboard customized convergence
120,incubate strategic schemas
121,engage web-enabled portals
122,implement sexy mindshare
123,redefine scalable vortals
124,architect cross-media bandwidth
125,reintermediate web-enabled functionalities
126,e-enable bleeding-edge web services
127,syndicate turn-key methodologies
128,drive sticky schemas
129,deliver proactive e-tailers
130,extend front-end e-markets
131,enable frictionless deliverables
132,disintermediate cutting-edge action-items
133,unleash scalable e-markets
134,e-enable end-to-end schemas
135,embrace 24/365 platforms
136,deliver world-class bandwidth
137,aggregate wireless schemas
138,extend extensible solutions
139,benchmark transparent portals
140,brand cutting-edge users
141,brand real-time e-services
142,seize virtual platforms
143,expedite efficient e-markets
144,syndicate seamless deliverables
145,redefine proactive architectures
146,optimize turn-key markets
147,synthesize web-enabled e-markets
148,envisioneer sticky methodologies
149,harness magnetic niches
150,productize collaborative models
151,orchestrate e-business action-items
152,engineer rich markets
153,grow proactive ROI
154,facilitate granular e-tailers
155,morph transparent infomediaries
156,e-enable extensible synergies
157,aggregate magnetic niches
158,architect user-centric platforms
159,architect dynamic users
160,deploy e-business niches
161,scale world-class web services
162,maximize global interfaces
163,enhance viral web services
164,enhance out-of-the-box e-markets
165,enhance frictionless users
166,engineer enterprise channels
167,iterate open-source networks
168,orchestrate cross-media bandwidth
169,brand user-centric supply-chains
170,target B2B systems
171,syndicate back-end platforms
172,engage rich platforms
173,target mission-critical relationships
174,grow next-generation synergies
175,harness best-of-breed interfaces
176,innovate transparent platforms
177,revolutionize best-of-breed e-tailers
178,revolutionize sticky web-readiness
179,architect end-to-end web-readiness
180,empower best-of-breed niches
181,revolutionize viral initiatives
182,mesh extensible communities
183,envisioneer robust interfaces
184,innovate integrated platforms
185,exploit end-to-end partnerships
186,optimize magnetic paradigms
187,synergize 24/365 e-commerce
188,streamline transparent applications
189,engineer best-of-breed partnerships
190,whiteboard cross-platform bandwidth
191,reintermediate extensible models
192,synergize synergistic channels
193,deliver innovative partnerships
194,target mission-critical architectures
195,unleash strategic interfaces
196,generate ubiquitous ROI
197,productize best-of-breed eyeballs
198,generate mission-critical partnerships
199,incubate cross-media models
200,transition scalable e-commerce
201,redefine wireless web services
202,innovate mission-critical eyeballs
203,enable value-added schemas
204,productize proactive architectures
205,enable bleeding-edge communities
206,empower synergistic supply-chains
207,revolutionize mission-critical interfaces
208,engage end-to-end e-business
209,productize efficient schemas
210,orchestrate vertical ROI
211,aggregate global supply-chains
212,target e-business applications
213,optimize real-time e-commerce
214,syndicate 24/7 web-readiness
215,brand visionary technologies
216,deploy viral solutions
217,maximize cutting-edge supply-chains
218,empower real-time initiatives
219,implement innovative relationships
220,recontextualize 24/7 web-readiness
221,enable enterprise solutions
222,generate e-business e-markets
223,enable magnetic networks
224,reintermediate extensible architectures
225,drive visionary infrastructures
226,architect bleeding-edge mindshare
227,visualize compelling e-services
228,envisioneer 24/365 functionalities
229,engage back-end interfaces
230,whiteboard cross-platform functionalities
231,evolve compelling partnerships
232,embrace visionary initiatives
233,transform best-of-breed content
234,optimize efficient systems
235,optimize dot-com channels
236,orchestrate frictionless eyeballs
237,implement user-centric platforms
238,target wireless architectures
239,mesh customized web-readiness
240,enable transparent infomediaries
241,facilitate impactful web-readiness
242,architect B2B markets
243,implement sexy supply-chains
244,benchmark ubiquitous paradigms
245,synergize 24/7 technologies
246,scale real-time supply-chains
247,target killer e-tailers
248,harness end-to-end relationships
249,unleash vertical initiatives
250,maximize world-class users
251,engage one-to-one niches
252,exploit interactive users
253,embrace customized metrics
254,e-enable mission-critical deliverables
255,engage extensible e-business
256,reintermediate 24/7 relationships
257,reinvent best-of-breed partnerships
258,disintermediate bricks-and-clicks paradigms
259,iterate proactive infomediaries
260,streamline magnetic metrics
261,exploit ubiquitous deliverables
262,synergize revolutionary vortals
263,maximize plug-and-play deliverables
264,utilize leading-edge content
265,aggregate e-business communities
266,drive virtual bandwidth
267,architect 24/365 architectures
268,repurpose proactive metrics
269,mesh bricks-and-clicks architectures
270,mesh frictionless methodologies
271,transform transparent niches
272,empower cross-media niches
273,whiteboard real-time systems
274,enable viral applications
275,e-enable magnetic bandwidth
276,synergize enterprise e-services
277,recontextualize plug-and-play models
278,utilize impactful infrastructures
279,mesh efficient supply-chains
280,envisioneer distributed synergies
281,optimize sexy content
282,architect seamless schemas
283,redefine viral technologies
284,streamline rich architectures
285,incubate world-class e-markets
286,brand vertical web services
287,envisioneer cutting-edge relationships
288,mesh intuitive mindshare
289,recontextualize collaborative users
290,evolve frictionless initiatives
291,aggregate robust e-tailers
292,matrix interactive infomediaries
293,enhance clicks-and-mortar ROI
294,integrate real-time models
295,matrix impactful paradigms
296,incentivize 24/7 architectures
297,drive clicks-and-mortar e-commerce
298,reinvent mission-critical initiatives
299,benchmark revolutionary mindshare
300,transition visionary eyeballs
301,incentivize bleeding-edge infomediaries
302,syndicate transparent mindshare
303,envisioneer extensible e-business
304,reinvent plug-and-play channels
305,envisioneer granular methodologies
306,syndicate sexy platforms
307,optimize clicks-and-mortar relationships
308,scale leading-edge content
309,whiteboard vertical markets
310,reintermediate revolutionary infrastructures
311,optimize user-centric systems
312,engage enterprise platforms
313,seize innovative schemas
314,recontextualize distributed bandwidth
315,enable magnetic applications
316,harness magnetic functionalities
317,mesh efficient channels
318,incubate sexy vortals
319,benchmark transparent synergies
320,incubate turn-key systems
321,unleash B2C schemas
322,revolutionize rich e-business
323,extend impactful solutions
324,empower turn-key schemas
325,iterate user-centric mindshare
326,redefine next-generation functionalities
327,target viral channels
328,transition killer platforms
329,drive viral bandwidth
330,synthesize synergistic convergence
331,integrate B2C applications
332,cultivate real-time niches
333,seize rich e-tailers
334,matrix cross-platform networks
335,transform extensible mindshare
336,deploy proactive supply-chains
337,deploy leading-edge deliverables
338,repurpose holistic portals
339,exploit revolutionary portals
340,cultivate synergistic systems
341,cultivate cross-media systems
342,implement sexy functionalities
343,facilitate enterprise ROI
344,optimize dot-com relationships
345,drive end-to-end platforms
346,visualize innovative bandwidth
347,synergize turn-key interfaces
348,synergize e-business users
349,e-enable extensible models
350,e-enable rich e-business
351,exploit cross-media functionalities
352,exploit virtual communities
353,orchestrate 24/365 content
354,exploit visionary content
355,utilize wireless web services
356,expedite dot-com functionalities
357,maximize rich synergies
358,generate viral systems
359,scale user-centric ROI
360,innovate e-business initiatives
361,revolutionize value-added relationships
362,engage distributed markets
363,engage interactive communities
364,synthesize collaborative content
365,deploy scalable e-markets
366,scale sticky content
367,redefine intuitive markets
368,recontextualize impactful methodologies
369,embrace extensible users
370,grow e-business infomediaries
371,seize strategic metrics
372,streamline magnetic e-tailers
373,iterate clicks-and-mortar metrics
374,matrix plug-and-play e-markets
375,synergize enterprise markets
376,syndicate granular e-business
377,matrix intuitive convergence
378,aggregate B2B web-readiness
379,synergize back-end bandwidth
380,transform leading-edge infrastructures
381,enhance ubiquitous e-services
382,incentivize leading-edge e-business
383,architect vertical ROI
384,harness distributed convergence
385,redefine innovative supply-chains
386,morph revolutionary e-business
387,engage real-time bandwidth
388,harness B2C communities
389,streamline magnetic synergies
390,embrace plug-and-play applications
391,matrix cutting-edge web services
392,harness scalable platforms
393,redefine robust infrastructures
394,strategize enterprise e-markets
395,implement cutting-edge channels
396,maximize killer paradigms
397,visualize synergistic relationships
398,morph impactful bandwidth
399,reintermediate turn-key e-tailers
400,engage revolutionary eyeballs
401,architect leading-edge models
402,implement open-source action-items
403,incentivize collaborative applications
404,unleash B2B initiatives
405,reinvent efficient bandwidth
406,facilitate impactful e-markets
407,engineer web-enabled architectures
408,transition frictionless e-commerce
409,exploit compelling deliverables
410,unleash one-to-one e-markets
411,facilitate collaborative e-tailers
412,target plug-and-play convergence
413,reinvent front-end users
414,deliver one-to-one ROI
415,unleash leading-edge e-markets
416,facilitate enterprise technologies
417,envisioneer compelling vortals
418,iterate proactive e-markets
419,orchestrate distributed networks
420,optimize viral partnerships
421,generate strategic technologies
422,repurpose extensible web services
423,strategize 24/365 metrics
424,innovate scalable architectures
425,expedite cross-media ROI
426,incubate enterprise partnerships
427,implement cross-platform e-commerce
428,mesh revolutionary functionalities
429,engage scalable communities
430,envisioneer transparent e-services
431,cultivate vertical methodologies
432,brand holistic eyeballs
433,expedite viral content
434,transform viral e-commerce
435,unleash intuitive deliverables
436,synthesize killer functionalities
437,aggregate clicks-and-mortar e-tailers
438,transition strategic infrastructures
439,strategize viral ROI
440,e-enable ubiquitous solutions
441,engage enterprise supply-chains
442,leverage real-time e-tailers
443,strategize collaborative paradigms
444,aggregate mission-critical metrics
445,brand integrated action-items
446,architect back-end web services
447,mesh synergistic portals
448,envisioneer plug-and-play e-commerce
449,embrace impactful e-business
450,expedite cross-platform metrics
451,evolve mission-critical action-items
452,enable vertical functionalities
453,visualize magnetic web-readiness
454,enable rich content
455,morph bricks-and-clicks systems
456,grow plug-and-play web-readiness
457,morph sexy relationships
458,generate real-time web-readiness
459,empower open-source users
460,integrate visionary users
461,extend enterprise initiatives
462,drive compelling e-services
463,incubate B2C partnerships
464,maximize dot-com infomediaries
465,recontextualize dynamic channels
466,e-enable impactful portals
467,engage vertical convergence
468,whiteboard cutting-edge technologies
469,monetize magnetic paradigms
470,revolutionize holistic supply-chains
471,synthesize extensible e-services
472,seize robust ROI
473,envisioneer B2C systems
474,maximize e-business ROI
475,grow proactive e-markets
476,enhance sexy interfaces
477,enable open-source architectures
478,benchmark rich initiatives
479,recontextualize real-time paradigms
480,synergize cross-platform channels
481,envisioneer seamless niches
482,visualize sexy interfaces
483,harness 24/365 interfaces
484,scale 24/365 technologies
485,maximize e-business models
486,utilize mission-critical systems
487,empower revolutionary e-business
488,generate viral methodologies
489,disintermediate holistic infrastructures
490,harness real-time supply-chains
491,grow user-centric e-services
492,enable impactful schemas
493,revolutionize B2B networks
494,transition sticky convergence
495,generate enterprise initiatives
496,embrace global synergies
497,expedite clicks-and-mortar users
498,envisioneer virtual e-commerce
499,utilize dot-com interfaces
500,revolutionize B2C content
501,whiteboard killer synergies
502,enhance cutting-edge solutions
503,repurpose plug-and-play initiatives
504,target cutting-edge systems
505,productize value-added vortals
506,morph integrated e-tailers
507,revolutionize dot-com eyeballs
508,cultivate open-source models
509,syndicate sexy communities
510,facilitate robust functionalities
511,expedite strategic models
512,recontextualize mission-critical supply-chains
513,reintermediate robust vortals
514,drive virtual channels
515,target next-generation synergies
516,evolve viral mindshare
517,morph cutting-edge methodologies
518,incubate impactful action-items
519,seize proactive partnerships
520,transition back-end infrastructures
521,productize open-source interfaces
522,generate viral e-business
523,incubate real-time e-commerce
524,enable world-class action-items
525,engage impactful ROI
526,engineer end-to-end infomediaries
527,disintermediate holistic eyeballs
528,incubate innovative initiatives
529,recontextualize sexy action-items
530,enable proactive relationships
531,embrace one-to-one bandwidth
532,generate revolutionary paradigms
533,brand value-added initiatives
534,generate best-of-breed markets
535,evolve one-to-one initiatives
536,repurpose dynamic e-services
537,monetize revolutionary users
538,facilitate turn-key convergence
539,facilitate user-centric schemas
540,expedite synergistic experiences
541,grow web-enabled e-business
542,facilitate bricks-and-clicks e-commerce
543,redefine dynamic users
544,implement granular platforms
545,benchmark one-to-one bandwidth
546,extend revolutionary experiences
547,optimize dynamic niches
548,e-enable transparent relationships
549,iterate transparent portals
550,monetize vertical portals
551,transition intuitive relationships
552,matrix back-end platforms
553,visualize dot-com mindshare
554,visualize web-enabled eyeballs
555,evolve bleeding-edge e-tailers
556,target synergistic technologies
557,harness robust markets
558,integrate magnetic architectures
559,morph scalable mindshare
560,orchestrate end-to-end partnerships
561,harness scalable platforms
562,synthesize cross-media experiences
563,grow mission-critical technologies
564,orchestrate sexy initiatives
565,generate efficient infrastructures
566,reintermediate global users
567,reintermediate granular markets
568,recontextualize synergistic eyeballs
569,strategize B2B applications
570,grow front-end niches
571,deliver end-to-end functionalities
572,facilitate leading-edge schemas
573,implement cutting-edge e-tailers
574,deploy proactive interfaces
575,cultivate killer initiatives
576,synergize customized architectures
577,repurpose sticky eyeballs
578,evolve distributed networks
579,engineer best-of-breed supply-chains
580,enable real-time convergence
581,monetize rich experiences
582,transform killer e-tailers
583,expedite seamless niches
584,transition impactful convergence
585,strategize front-end partnerships
586,generate visionary interfaces
587,incentivize 24/7 action-items
588,syndicate innovative metrics
589,leverage open-source web services
590,deploy integrated relationships
591,engage seamless action-items
592,reintermediate compelling applications
593,benchmark proactive e-markets
594,revolutionize sexy markets
595,target turn-key e-commerce
596,implement granular vortals
597,mesh 24/7 ROI
598,matrix viral web services
599,orchestrate wireless paradigms
600,morph efficient web services
601,brand proactive platforms
602,deliver granular platforms
603,grow back-end methodologies
604,leverage back-end paradigms
605,iterate frictionless eyeballs
606,reintermediate holistic functionalities
607,transform world-class infomediaries
608,generate vertical markets
609,facilitate world-class mindshare
610,recontextualize intuitive schemas
611,deliver cutting-edge experiences
612,scale revolutionary interfaces
613,expedite innovative e-services
614,drive ubiquitous web services
615,leverage cross-platform eyeballs
616,mesh open-source ROI
617,streamline world-class bandwidth
618,benchmark 24/365 infomediaries
619,cultivate back-end e-business
620,enhance sexy mindshare
621,recontextualize sticky architectures
622,benchmark revolutionary eyeballs
623,grow best-of-breed applications
624,matrix distributed markets
625,engineer synergistic infrastructures
626,mesh dynamic relationships
627,integrate 24/365 e-markets
628,redefine compelling web services
629,target dynamic ROI
630,monetize sticky applications
631,transition intuitive bandwidth
632,benchmark revolutionary models
633,deliver impactful mindshare
634,monetize world-class metrics
635,seize distributed users
636,cultivate 24/7 portals
637,benchmark leading-edge models
638,benchmark one-to-one applications
639,expedite extensible synergies
640,revolutionize user-centric web services
641,facilitate strategic e-tailers
642,iterate e-business technologies
643,strategize leading-edge schemas
644,envisioneer value-added infomediaries
645,disintermediate mission-critical portals
646,aggregate front-end markets
647,target frictionless e-commerce
648,seize global interfaces
649,brand customized networks
650,enable vertical deliverables
651,harness web-enabled models
652,architect leading-edge networks
653,unleash efficient supply-chains
654,deploy revolutionary convergence
655,grow dynamic solutions
656,productize cross-platform platforms
657,utilize extensible convergence
658,cultivate cross-media convergence
659,incubate rich vortals
660,synthesize intuitive eyeballs
661,visualize end-to-end networks
662,optimize proactive e-tailers
663,productize compelling synergies
664,enhance front-end vortals
665,facilitate holistic web-readiness
666,expedite one-to-one initiatives
667,disintermediate web-enabled experiences
668,grow bleeding-edge channels
669,utilize frictionless deliverables
670,revolutionize real-time paradigms
671,recontextualize rich eyeballs
672,architect dynamic e-commerce
673,streamline interactive infomediaries
674,brand dynamic schemas
675,productize B2B technologies
676,orchestrate B2C paradigms
677,facilitate intuitive convergence
678,utilize magnetic content
679,utilize efficient e-services
680,envisioneer world-class e-markets
681,engineer customized e-commerce
682,iterate integrated synergies
683,revolutionize rich web services
684,whiteboard mission-critical portals
685,seize granular convergence
686,engage cross-media metrics
687,matrix magnetic technologies
688,visualize next-generation methodologies
689,transform vertical action-items
690,envisioneer cross-platform web-readiness
691,morph ubiquitous users
692,e-enable value-added methodologies
693,visualize real-time bandwidth
694,envisioneer real-time metrics
695,utilize virtual eyeballs
696,productize magnetic markets
697,harness dot-com experiences
698,strategize collaborative web-readiness
699,innovate virtual solutions
700,leverage open-source experiences
701,extend mission-critical content
702,optimize scalable users
703,scale clicks-and-mortar communities
704,empower real-time markets
705,integrate proactive convergence
706,mesh distributed networks
707,deploy bleeding-edge initiatives
708,envisioneer magnetic eyeballs
709,productize efficient channels
710,redefine strategic synergies
711,recontextualize visionary initiatives
712,visualize 24/365 e-markets
713,integrate one-to-one mindshare
714,transition rich markets
715,extend out-of-the-box deliverables
716,empower visionary technologies
717,deliver killer synergies
718,enhance real-time initiatives
719,utilize integrated technologies
720,generate mission-critical ROI
721,incubate strategic e-tailers
722,deploy granular ROI
723,maximize viral communities
724,streamline proactive networks
725,syndicate value-added ROI
726,streamline web-enabled users
727,deliver compelling deliverables
728,monetize open-source e-markets
729,syndicate killer supply-chains
730,expedite clicks-and-mortar synergies
731,grow extensible infrastructures
732,redefine bricks-and-clicks technologies
733,optimize back-end functionalities
734,evolve granular action-items
735,matrix scalable markets
736,syndicate leading-edge infomediaries
737,grow compelling users
738,utilize intuitive relationships
739,exploit proactive experiences
740,optimize robust schemas
741,orchestrate turn-key ROI
742,mesh 24/7 infomediaries
743,morph 24/7 paradigms
744,target out-of-the-box ROI
745,leverage cross-platform web-readiness
746,scale sticky infomediaries
747,streamline extensible markets
748,morph ubiquitous action-items
749,synthesize global paradigms
750,cultivate enterprise supply-chains
751,utilize enterprise mindshare
752,monetize sexy e-commerce
753,empower frictionless methodologies
754,engage rich solutions
755,empower seamless experiences
756,unleash magnetic initiatives
757,generate strategic mindshare
758,unleash out-of-the-box web-readiness
759,disintermediate front-end vortals
760,exploit collaborative bandwidth
761,benchmark distributed e-commerce
762,aggregate visionary channels
763,expedite vertical e-markets
764,drive one-to-one infrastructures
765,e-enable intuitive solutions
766,reintermediate rich web services
767,deliver proactive infomediaries
768,e-enable integrated portals
769,unleash customized infrastructures
770,repurpose dot-com technologies
771,engineer e-business experiences
772,strategize global infrastructures
773,reinvent compelling e-business
774,extend killer platforms
775,syndicate customized niches
776,drive plug-and-play experiences
777,redefine cross-media bandwidth
778,repurpose granular niches
779,revolutionize killer communities
780,visualize frictionless partnerships
781,architect user-centric communities
782,expedite revolutionary web-readiness
783,transition sexy bandwidth
784,harness visionary relationships
785,cultivate bleeding-edge channels
786,extend virtual web-readiness
787,unleash clicks-and-mortar mindshare
788,generate plug-and-play bandwidth
789,benchmark proactive schemas
790,engineer best-of-breed experiences
791,target user-centric networks
792,deliver impactful e-markets
793,brand compelling functionalities
794,visualize 24/7 relationships
795,matrix world-class technologies
796,transform virtual bandwidth
797,synergize distributed niches
798,seize robust e-commerce
799,architect virtual e-markets
800,benchmark ubiquitous systems
801,scale efficient metrics
802,scale B2B bandwidth
803,reintermediate global e-tailers
804,incubate intuitive niches
805,facilitate sexy portals
806,matrix dynamic paradigms
807,morph extensible metrics
808,evolve vertical convergence
809,evolve vertical e-commerce
810,extend out-of-the-box mindshare
811,repurpose integrated e-commerce
812,visualize granular platforms
813,embrace best-of-breed e-tailers
814,transform distributed functionalities
815,harness robust communities
816,enhance turn-key methodologies
817,synergize collaborative schemas
818,architect compelling synergies
819,evolve global web-readiness
820,monetize ubiquitous infomediaries
821,transform collaborative initiatives
822,deploy end-to-end experiences
823,strategize strategic eyeballs
824,exploit impactful synergies
825,envisioneer granular markets
826,mesh seamless architectures
827,innovate scalable eyeballs
828,visualize wireless synergies
829,recontextualize distributed e-tailers
830,visualize revolutionary solutions
831,engineer killer eyeballs
832,whiteboard turn-key channels
833,productize leading-edge mindshare
834,brand impactful web services
835,revolutionize one-to-one web-readiness
836,engineer viral functionalities
837,visualize intuitive e-markets
838,enable next-generation relationships
839,repurpose 24/365 channels
840,aggregate cross-media e-services
841,empower rich web services
842,deploy frictionless platforms
843,monetize best-of-breed platforms
844,e-enable best-of-breed initiatives
845,generate 24/365 metrics
846,deliver one-to-one portals
847,monetize B2C synergies
848,visualize revolutionary e-tailers
849,synthesize visionary metrics
850,scale revolutionary deliverables
851,innovate one-to-one infrastructures
852,engage strategic e-markets
853,whiteboard customized architectures
854,synergize impactful paradigms
855,mesh visionary synergies
856,streamline turn-key synergies
857,utilize dot-com e-markets
858,evolve world-class initiatives
859,envisioneer wireless action-items
860,productize visionary communities
861,envisioneer open-source content
862,matrix front-end eyeballs
863,strategize bricks-and-clicks platforms
864,benchmark clicks-and-mortar e-markets
865,reintermediate seamless content
866,drive dynamic networks
867,engineer granular platforms
868,strategize holistic functionalities
869,drive next-generation technologies
870,engineer global solutions
871,leverage interactive methodologies
872,synthesize out-of-the-box infomediaries
873,cultivate innovative technologies
874,synergize global eyeballs
875,iterate bricks-and-clicks interfaces
876,monetize holistic web services
877,extend integrated channels
878,embrace killer methodologies
879,aggregate sticky infrastructures
880,scale next-generation systems
881,synergize enterprise supply-chains
882,mesh 24/7 action-items
883,syndicate transparent partnerships
884,expedite bricks-and-clicks e-business
885,synthesize web-enabled e-markets
886,benchmark sticky functionalities
887,exploit mission-critical experiences
888,benchmark turn-key e-tailers
889,synthesize value-added users
890,productize cross-media vortals
891,extend one-to-one metrics
892,drive one-to-one models
893,monetize B2B e-services
894,reinvent enterprise infomediaries
895,architect best-of-breed platforms
896,enhance cutting-edge platforms
897,synthesize 24/7 content
898,utilize e-business bandwidth
899,unleash turn-key experiences
900,recontextualize turn-key e-business
901,transition collaborative deliverables
902,evolve innovative infomediaries
903,enhance bleeding-edge vortals
904,benchmark intuitive niches
905,deploy front-end relationships
906,target sticky supply-chains
907,repurpose synergistic mindshare
908,envisioneer cross-platform infrastructures
909,recontextualize B2B content
910,benchmark mission-critical e-business
911,iterate back-end e-tailers
912,syndicate transparent experiences
913,empower global e-business
914,disintermediate plug-and-play e-business
915,evolve B2B bandwidth
916,syndicate revolutionary models
917,innovate frictionless e-commerce
918,monetize virtual systems
919,embrace innovative users
920,architect plug-and-play applications
921,empower global deliverables
922,innovate intuitive interfaces
923,reintermediate user-centric web services
924,engage sticky functionalities
925,orchestrate bleeding-edge convergence
926,incubate out-of-the-box supply-chains
927,maximize best-of-breed synergies
928,disintermediate dynamic deliverables
929,mesh customized applications
930,envisioneer killer convergence
931,recontextualize mission-critical infomediaries
932,implement strategic supply-chains
933,maximize global supply-chains
934,strategize revolutionary functionalities
935,scale innovative channels
936,morph best-of-breed models
937,strategize cross-platform communities
938,cultivate vertical portals
939,monetize bricks-and-clicks relationships
940,strategize dot-com markets
941,incentivize real-time functionalities
942,iterate B2B supply-chains
943,deploy one-to-one metrics
944,strategize cross-platform schemas
945,grow integrated methodologies
946,utilize synergistic infrastructures
947,generate magnetic paradigms
948,generate virtual eyeballs
949,cultivate robust initiatives
950,optimize ubiquitous bandwidth
951,incentivize compelling e-business
952,morph efficient convergence
953,target killer content
954,aggregate dot-com channels
955,morph bleeding-edge e-commerce
956,incubate scalable systems
957,whiteboard vertical vortals
958,revolutionize leading-edge communities
959,target bricks-and-clicks interfaces
960,optimize virtual web-readiness
961,reinvent plug-and-play solutions
962,repurpose transparent deliverables
963,optimize cross-platform e-commerce
964,benchmark dynamic vortals
965,cultivate granular architectures
966,utilize back-end e-business
967,implement innovative architectures
968,scale bricks-and-clicks solutions
969,exploit one-to-one applications
970,exploit mission-critical systems
971,incentivize open-source ROI
972,drive front-end supply-chains
973,brand robust channels
974,leverage B2C relationships
975,repurpose customized e-tailers
976,transition world-class relationships
977,empower back-end content
978,mesh transparent e-services
979,synthesize granular e-tailers
980,envisioneer synergistic niches
981,streamline vertical metrics
982,expedite magnetic vortals
983,deliver killer eyeballs
984,exploit interactive paradigms
985,implement bleeding-edge vortals
986,syndicate robust content
987,engage global partnerships
988,generate mission-critical communities
989,orchestrate next-generation portals
990,benchmark out-of-the-box supply-chains
991,grow sexy platforms
992,orchestrate real-time schemas
993,implement ubiquitous paradigms
994,exploit next-generation partnerships
995,streamline next-generation paradigms
996,engineer value-added systems
997,enable viral e-markets
998,drive user-centric ROI
999,engineer granular networks
1000,monetize world-class niches
